rank,release_date,title,url,production_cost,domestic_gross,worldwide_gross,opening_weekend,mpaa,genre,theaters,runtime,year
1,4/23/19,Avengers: Endgame,/movie/Avengers-Endgame-(2019)#tab=summary,400000000,858373000,2797800564,357115007,PG-13,Action,4662,181,2019
2,5/20/11,Pirates of the Caribbean: On Stranger Tides,/movie/Pirates-of-the-Caribbean-On-Stranger-Tides#tab=summary,379000000,241071802,1045713802,90151958,PG-13,Adventure,4164,136,2011
3,4/22/15,Avengers: Age of Ultron,/movie/Avengers-Age-of-Ultron#tab=summary,365000000,459005868,1395316979,191271109,PG-13,Action,4276,141,2015
4,12/16/15,Star Wars: Episode VII - The Force Awakens,/movie/Star-Wars-Ep-VII-The-Force-Awakens#tab=summary,306000000,936662225,2064615817,247966675,PG-13,Adventure,4134,136,2015
5,4/25/18,Avengers: Infinity War,/movie/Avengers-Infinity-War#tab=summary,300000000,678815482,2048359754,257698183,PG-13,Action,4474,156,2018
7,11/13/17,Justice League,/movie/Justice-League-(2017)#tab=summary,300000000,229024295,655945209,93842239,PG-13,Action,4051,121,2017
6,5/24/07,Pirates of the Caribbean: At World's End,/movie/Pirates-of-the-Caribbean-At-Worlds-End#tab=summary,300000000,309420425,960996492,114732820,PG-13,Adventure,4362,167,2007
8,10/6/15,Spectre,/movie/Spectre#tab=summary,300000000,200074175,879500760,70403148,PG-13,Action,3929,148,2015
9,7/11/23,Mission: Impossible Dead Reckoning Part One,/movie/Mission-Impossible-Dead-Reckoning-Part-One-(2023)#tab=summary,290000000,0,0,NA,NA,Action,NA,NA,2023
11,5/23/18,Solo: A Star Wars Story,/movie/Solo-A-Star-Wars-Story#tab=summary,275000000,213767512,393151347,84420489,PG-13,Adventure,4381,135,2018
10,12/18/19,Star Wars: The Rise of Skywalker,/movie/Star-Wars-The-Rise-of-Skywalker-(2019)#tab=summary,275000000,515202542,1072848487,177383864,PG-13,Adventure,4406,142,2019
12,3/7/12,John Carter,/movie/John-Carter-of-Mars#tab=summary,263700000,73058679,282778100,30180188,PG-13,Adventure,3749,132,2012
13,3/23/16,Batman v Superman: Dawn of Justice,/movie/Batman-v-Superman-Dawn-of-Justice#tab=summary,263000000,330360194,872395091,166007347,PG-13,Action,4256,151,2016
14,12/13/17,Star Wars Ep. VIII: The Last Jedi,/movie/Star-Wars-Ep-VIII-The-Last-Jedi#tab=summary,262000000,620181382,1331635141,220009584,PG-13,Adventure,4232,150,2017
16,11/24/10,Tangled,/movie/Tangled#tab=summary,260000000,200821936,583777242,48767052,PG,Musical,3603,101,2010
15,7/11/19,The Lion King,/movie/Lion-King-The-(Live-Action)-(2019)#tab=summary,260000000,543638043,1647778651,191770759,PG,Adventure,4802,118,2019
17,5/4/07,Spider-Man 3,/movie/Spider-Man-3#tab=summary,258000000,336530303,894860230,151116516,PG-13,Adventure,4324,139,2007
18,4/22/16,Captain America: Civil War,/movie/Captain-America-Civil-War#tab=summary,250000000,408084349,1151918521,179139142,PG-13,Action,4226,146,2016
20,7/15/09,Harry Potter and the Half-Blood Prince,/movie/Harry-Potter-and-the-Half-Blood-Prince#tab=summary,250000000,302089278,929411069,77835727,PG,Adventure,4455,153,2009
24,9/29/21,No Time to Die,/movie/No-Time-to-Die-(2021)#tab=summary,250000000,160891007,760008036,55225007,PG-13,Action,4407,163,2021
23,4/7/17,The Fate of the Furious,/movie/Fate-of-the-Furious-The#tab=summary,250000000,225764765,1236703796,98786705,PG-13,Action,4329,136,2017
22,12/10/14,The Hobbit: The Battle of the Five Armies,/movie/Hobbit-The-Battle-of-the-Five-Armies-The#tab=summary,250000000,255119788,940389558,54724334,PG-13,Adventure,3875,144,2014
21,12/12/13,The Hobbit: The Desolation of Smaug,/movie/Hobbit-The-Desolation-of-Smaug-The#tab=summary,250000000,258241522,959358436,73645197,PG-13,Adventure,3928,201,2013
19,7/1/22,Thor: Love and Thunder,/movie/Thor-Love-and-Thunder-(2022)#tab=summary,250000000,343256830,745453552,144165107,PG-13,Action,4375,119,2022
25,12/17/09,Avatar,/movie/Avatar#tab=summary,237000000,785221649,2910370905,77025481,PG-13,Action,3461,162,2009
26,6/28/06,Superman Returns,/movie/Superman-Returns#tab=summary,232000000,200120000,391081192,52535096,PG-13,Adventure,4065,150,2006
28,5/23/17,Pirates of the Caribbean: Dead Men Tell No Tales,/movie/Pirates-of-the-Caribbean-Dead-Men-Tell-No-Tales#tab=summary,230000000,172558876,794861794,62983253,PG-13,Adventure,4276,135,2017
29,11/14/08,Quantum of Solace,/movie/Quantum-of-Solace#tab=summary,230000000,169368427,591692078,67528882,PG-13,Action,3501,106,2008
27,7/19/12,The Dark Knight Rises,/movie/Dark-Knight-Rises-The#tab=summary,230000000,448139099,1082228107,160887295,PG-13,Action,4404,164,2012
32,6/14/13,Man of Steel,/movie/Man-of-Steel#tab=summary,225000000,291045518,667999518,116619362,PG-13,Action,4207,142,2013
31,7/6/06,Pirates of the Caribbean: Dead Man's Chest,/movie/Pirates-of-the-Caribbean-Dead-Mans-Chest#tab=summary,225000000,423315812,1066179725,135634554,PG-13,Adventure,4133,151,2006
30,4/25/12,The Avengers,/movie/Avengers-The-(2012)#tab=summary,225000000,623357910,1515100211,207438708,PG-13,Action,4349,143,2012
33,5/16/08,The Chronicles of Narnia: Prince Caspian,/movie/Chronicles-of-Narnia-Prince-Caspian-The#tab=summary,225000000,141621490,417341288,55034805,PG,Adventure,3929,144,2008
34,7/2/13,The Lone Ranger,/movie/Lone-Ranger-The#tab=summary,225000000,89302115,260002115,29210849,PG-13,Western,3904,149,2013
36,4/11/12,Battleship,/movie/Battleship#tab=summary,220000000,65233400,313477717,25534825,PG-13,Action,3702,130,2012
35,6/27/12,The Amazing Spider-Man,/movie/Amazing-Spider-Man-The#tab=summary,220000000,262030663,757890267,62004688,PG-13,Adventure,4318,136,2012
37,6/20/17,Transformers: The Last Knight,/movie/Transformers-The-Last-Knight#tab=summary,217000000,130168683,602893340,44680073,PG-13,Action,4132,148,2017
38,6/9/15,Jurassic World,/movie/Jurassic-World#tab=summary,215000000,652306625,1669979967,208806270,PG-13,Action,4291,124,2015
39,5/23/12,Men in Black 3,/movie/Men-in-Black-3#tab=summary,215000000,179020854,654213485,54592779,PG-13,Adventure,4248,104,2012
43,5/14/10,Robin Hood,/movie/Robin-Hood-(2010)#tab=summary,210000000,105487148,322459006,36063385,PG-13,Action,3505,139,2010
41,6/25/14,Transformers: Age of Extinction,/movie/Transformers-Age-of-Extinction#tab=summary,210000000,245439076,1104054072,100038390,PG-13,Action,4233,165,2014
40,6/24/09,Transformers: Revenge of the Fallen,/movie/Transformers-Revenge-of-the-Fallen#tab=summary,210000000,402111870,836519699,108966307,PG-13,Action,4293,149,2009
42,5/26/06,X-Men: The Last Stand,/movie/X-Men-The-Last-Stand#tab=summary,210000000,234362462,459260946,102750665,PG-13,Action,3714,104,2006
44,12/14/05,King Kong,/movie/King-Kong-(2005)#tab=summary,207000000,218080025,550517357,50130145,PG-13,Adventure,3627,189,2005
46,8/26/20,Tenet,/movie/Tenet-(2020)#tab=summary,205000000,58504105,362450957,20001852,PG-13,Action,2930,110,2020
45,12/7/07,The Golden Compass,/movie/His-Dark-Materials-The-Golden-Compass#tab=summary,205000000,70107728,367262558,25783232,PG-13,Adventure,3528,113,2007
72,11/12/09,2012,/movie/2012#tab=summary,200000000,166112167,757677748,65237614,PG-13,Action,3444,158,2009
60,3/4/10,Alice in Wonderland,/movie/Alice-in-Wonderland-(2010)#tab=summary,200000000,334191110,1025491110,116101023,PG,Adventure,3739,108,2010
48,2/13/18,Black Panther,/movie/Black-Panther#tab=summary,200000000,700059566,1336494321,202003951,PG-13,Action,4084,120,2018
68,7/7/21,Black Widow,/movie/Black-Widow-(2021)#tab=summary,200000000,183651655,379751655,80366312,PG-13,Action,4275,133,2021
67,6/23/11,Cars 2,/movie/Cars-2#tab=summary,200000000,191450875,560155383,66135507,G,Adventure,4115,107,2011
81,6/5/19,Dark Phoenix,/movie/Dark-Phoenix-(2019)#tab=summary,200000000,65845974,246356895,32828348,PG-13,Action,3721,114,2019
55,5/4/22,Doctor Strange in the Multiverse of Madness,/movie/Doctor-Strange-in-the-Multiverse-of-Madness-(2022)#tab=summary,200000000,411331607,952224986,187420998,PG-13,Action,4534,126,2022
73,11/3/21,Eternals,/movie/Eternals-(2021)#tab=summary,200000000,164870264,402064929,71297219,PG-13,Action,4090,156,2021
70,5/20/21,F9: The Fast Saga,/movie/F9-The-Fast-Saga-(2021)#tab=summary,200000000,173005945,721077945,70043165,PG-13,Action,4203,145,2021
74,11/14/18,Fantastic Beasts: The Crimes of Grindelwald,/movie/Fantastic-Beasts-The-Crimes-of-Grindelwald-(2018)#tab=summary,200000000,159555901,648455339,62163104,PG-13,Adventure,4163,134,2018
79,4/6/22,Fantastic Beasts: The Secrets of Dumbledore,/movie/Fantastic-Beasts-The-Secrets-of-Dumbledore-(2021)#tab=summary,200000000,95850844,404560146,42151256,PG-13,Adventure,4245,NA,2022
69,7/31/19,Fast & Furious Presents: Hobbs & Shaw,/movie/Fast-and-Furious-Presents-Hobbs-and-Shaw-(2019)#tab=summary,200000000,173956935,760381706,60038950,PG-13,Action,4344,134,2019
52,6/16/16,Finding Dory,/movie/Finding-Dory#tab=summary,200000000,486295561,1025006125,135060273,PG,Adventure,4305,103,2016
78,6/17/11,Green Lantern,/movie/Green-Lantern-(2011)#tab=summary,200000000,116601172,219535492,53174303,PG-13,Action,3816,113,2011
57,4/28/17,Guardians of the Galaxy Vol. 2,/movie/Guardians-of-the-Galaxy-Vol-2#tab=summary,200000000,389813101,869113101,146510104,PG-13,Action,4347,136,2017
50,6/15/18,Incredibles 2,/movie/Incredibles-2#tab=summary,200000000,608581744,1242805359,182687905,PG,Adventure,4413,118,2018
56,4/24/13,Iron Man 3,/movie/Iron-Man-3#tab=summary,200000000,408992272,1215392272,174144585,PG-13,Action,4253,130,2013
77,7/28/21,Jungle Cruise,/movie/Jungle-Cruise-(2021)#tab=summary,200000000,116987516,210384144,35018731,PG-13,Adventure,4310,90,2021
76,6/15/22,Lightyear,/movie/Lightyear-(2022)#tab=summary,200000000,118307188,218571346,50577961,PG,Adventure,4255,110,2022
63,6/21/13,Monsters University,/movie/Monsters-University#tab=summary,200000000,268488329,743455810,82429469,G,Adventure,4004,102,2013
84,9/4/20,Mulan (Live Action),/movie/Mulan-(2020)#tab=summary,200000000,0,69965374,NA,PG-13,Adventure,NA,115,2020
82,2/28/20,Onward,/movie/Onward-(2020)#tab=summary,200000000,61555145,133317030,39119861,PG,Adventure,4310,114,2020
64,3/8/13,Oz the Great and Powerful,/movie/Oz-The-Great-and-Powerful#tab=summary,200000000,234770996,490359051,79110453,PG,Adventure,3912,130,2013
80,5/28/10,Prince of Persia: Sands of Time,/movie/Prince-of-Persia-Sands-of-Time#tab=summary,200000000,90759676,336359676,30095259,PG-13,Action,3646,115,2010
51,12/14/16,Rogue One: A Star Wars Story,/movie/Rogue-One-A-Star-Wars-Story#tab=summary,200000000,533539991,1055083596,155081681,PG-13,Adventure,4157,134,2016
61,10/26/12,Skyfall,/movie/Skyfall#tab=summary,200000000,304360277,1110526981,88364714,PG-13,Action,3526,143,2012
58,6/30/04,Spider-Man 2,/movie/Spider-Man-2#tab=summary,200000000,373524485,794697557,88156227,PG-13,Adventure,4166,127,2004
47,12/14/21,Spider-Man: No Way Home,/movie/Spider-Man-No-Way-Home-(2021)#tab=summary,200000000,814108407,1912775610,260138569,PG-13,Action,4336,148,2021
75,5/21/09,Terminator Salvation,/movie/Terminator-Salvation#tab=summary,200000000,125322469,365491792,42558390,PG-13,Action,3602,116,2009
66,4/16/14,The Amazing Spider-Man 2,/movie/Amazing-Spider-Man-2-The#tab=summary,200000000,202853933,708996336,91608337,PG-13,Action,4324,141,2014
59,3/1/22,The Batman,/movie/Batman-The-(2021)#tab=summary,200000000,369345583,767820302,134008624,PG-13,Action,4417,175,2022
86,7/13/22,The Gray Man,/movie/Gray-Man-The-(2022)#tab=summary,200000000,0,451178,NA,PG-13,Thriller/Suspense,NA,129,2022
62,12/11/12,The Hobbit: An Unexpected Journey,/movie/Hobbit-An-Unexpected-Journey-The#tab=summary,200000000,303003568,1014938545,84617303,PG-13,Adventure,4100,169,2012
85,7/2/21,The Tomorrow War,/movie/Tomorrow-War-The#tab=summary,200000000,0,19220000,NA,PG-13,Action,NA,140,2021
49,12/18/97,Titanic,/movie/Titanic-(1997)#tab=summary,200000000,659363944,2207986545,28638131,PG-13,Drama,3265,194,1997
54,6/18/10,Toy Story 3,/movie/Toy-Story-3#tab=summary,200000000,415004880,1068879522,110307189,G,Adventure,4028,102,2010
53,6/20/19,Toy Story 4,/movie/Toy-Story-4-(2019)#tab=summary,200000000,434038008,1073080329,120908065,G,Adventure,4575,89,2019
71,12/17/10,Tron: Legacy,/movie/Tron-Legacy#tab=summary,200000000,172062763,399866199,44026211,PG,Adventure,3451,125,2010
83,12/16/20,Wonder Woman 1984,/movie/Wonder-Woman-1984-(2020)#tab=summary,200000000,46801036,166360232,16701957,PG-13,Action,2218,151,2020
65,5/21/14,X-Men: Days of Future Past,/movie/X-Men-Days-of-Future-Past#tab=summary,200000000,233921534,747862775,90823660,PG-13,Action,4001,131,2014
89,2/27/13,Jack the Giant Slayer,/movie/Jack-the-Giant-Slayer#tab=summary,195000000,65187603,197687603,27202226,PG-13,Adventure,3525,113,2013
88,6/2/17,The Mummy,/movie/Mummy-The-(2017)#tab=summary,195000000,80101125,409953905,31668375,PG-13,Adventure,4035,107,2017
87,6/29/11,Transformers: Dark of the Moon,/movie/Transformers-Dark-of-the-Moon-(2011)#tab=summary,195000000,352390543,1123794079,97852865,PG-13,Action,4107,154,2011
94,11/6/09,Disney's A Christmas Carol,/movie/Disneys-A-Christmas-Carol#tab=summary,190000000,137855863,315709697,30051075,PG,Drama,3683,95,2009
90,4/1/15,Furious 7,/movie/Furious-7#tab=summary,190000000,353007020,1514553486,147187040,PG-13,Action,4022,137,2015
95,7/11/13,Pacific Rim,/movie/Pacific-Rim#tab=summary,190000000,101802906,411002906,37285325,PG-13,Action,3285,131,2013
91,5/16/13,Star Trek Into Darkness,/movie/Star-Trek-Into-Darkness#tab=summary,190000000,228778661,467381584,70165559,PG-13,Adventure,3907,132,2013
93,5/10/13,The Great Gatsby,/movie/Great-Gatsby-The-(2011)#tab=summary,190000000,144840419,353640419,50085184,PG-13,Drama,3550,141,2013
96,12/16/21,The Matrix Resurrections,/movie/Matrix-Resurrections-The-(2021)#tab=summary,190000000,37686805,156467817,10749011,R,Action,3552,148,2021
92,6/19/13,World War Z,/movie/World-War-Z#tab=summary,190000000,202706711,531861650,66411834,PG-13,Action,3607,115,2013
97,11/25/15,The Good Dinosaur,/movie/Good-Dinosaur-The#tab=summary,187500000,123087120,333771037,39155217,PG,Adventure,3749,92,2015
98,5/2/08,Iron Man,/movie/Iron-Man#tab=summary,186000000,318604126,585171547,102118668,PG-13,Adventure,4154,126,2008
105,9/29/17,Blade Runner 2049,/movie/Blade-Runner-2049#tab=summary,185000000,92054159,258829058,32753122,R,Thriller,4058,164,2017
101,6/21/12,Brave,/movie/Brave#tab=summary,185000000,237282182,554606532,66323594,PG,Adventure,4164,93,2012
100,5/22/08,Indiana Jones and the Kingdom of the Crystal Skull,/movie/Indiana-Jones-and-the-Kingdom-of-the-Crystal-Skull#tab=summary,185000000,317101119,786635413,100137835,PG-13,Adventure,4264,123,2008
102,2/23/17,Kong: Skull Island,/movie/Kong-Skull-Island#tab=summary,185000000,168052812,561072059,61025472,PG-13,Adventure,3846,118,2017
104,10/17/19,Maleficent: Mistress of Evil,/movie/Maleficent-Mistress-of-Evil-(2019)#tab=summary,185000000,113929605,489346495,36948713,PG,Adventure,3820,118,2019
103,7/21/16,Star Trek Beyond,/movie/Star-Trek-Beyond#tab=summary,185000000,158848340,335673708,59253211,PG-13,Adventure,3928,122,2016
106,10/25/19,Terminator: Dark Fate,/movie/Terminator-Dark-Fate-(2019)#tab=summary,185000000,62253077,250372367,29033832,R,Action,4086,128,2019
99,7/11/08,The Dark Knight,/movie/Dark-Knight-The#tab=summary,185000000,533720947,998615789,158411483,PG-13,Action,4366,152,2008
107,7/28/21,The Suicide Squad,/movie/Suicide-Squad-The-(2021)#tab=summary,185000000,55817425,167120232,26205415,R,Action,4019,132,2021
108,5/22/19,Aladdin,/movie/Aladdin-(2019)#tab=summary,182000000,355559216,1046649706,91500929,PG,Adventure,4476,128,2019
112,11/14/16,Fantastic Beasts and Where to Find Them,/movie/Fantastic-Beasts-and-Where-to-Find-Them#tab=summary,180000000,234037575,811724385,74403387,PG-13,Adventure,4144,133,2016
116,11/23/11,Hugo,/movie/Hugo#tab=summary,180000000,73864507,180047784,11364505,PG,Adventure,2608,126,2011
111,5/28/14,Maleficent,/movie/Maleficent#tab=summary,180000000,241407328,758536735,69431298,PG,Adventure,3948,97,2014
114,8/10/07,Rush Hour 3,/movie/Rush-Hour-3#tab=summary,180000000,140125968,256585882,49100158,PG-13,Action,3778,91,2007
110,12/9/05,"The Chronicles of Narnia: The Lion, the Witch a…",/movie/Chronicles-of-Narnia-The-Lion-the-Witch-and-the-Wardrobe-The#tab=summary,180000000,291710957,720539572,NA,NA,NA,NA,NA,2005
115,6/27/16,The Legend of Tarzan,/movie/Legend-of-Tarzan-The#tab=summary,180000000,126643061,348902025,38527856,PG-13,Adventure,3591,110,2016
109,10/25/17,Thor: Ragnarok,/movie/Thor-Ragnarok#tab=summary,180000000,315058289,850482778,122744989,PG-13,Action,4080,130,2017
117,7/20/17,Valerian and the City of a Thousand Planets,/movie/Valerian-and-the-City-of-a-Thousand-Planets-(France)#tab=summary,180000000,40479370,215098356,17007624,PG-13,Adventure,3553,129,2017
113,6/27/08,WALL-E,/movie/WALL-E#tab=summary,180000000,223808164,532508025,63087526,G,Adventure,3992,100,2008
118,2/6/15,Jupiter Ascending,/movie/Jupiter-Ascending#tab=summary,179000000,47482519,181982519,18372372,PG-13,Action,3885,127,2015
122,5/28/14,Edge of Tomorrow,/movie/Edge-of-Tomorrow#tab=summary,178000000,100206256,367028980,28760246,PG-13,Action,3505,136,2014
119,7/16/18,Mission: Impossible - Fallout,/movie/Mission-Impossible-Fallout#tab=summary,178000000,220159104,787176729,61236534,PG-13,Action,4395,147,2018
121,8/9/18,The Meg,/movie/Meg-The#tab=summary,178000000,145443742,527370715,45402195,PG-13,Action,4118,113,2018
120,5/18/16,X-Men: Apocalypse,/movie/X-Men-Apocalypse-(2016)#tab=summary,178000000,155442489,542537546,65769562,PG-13,Action,4153,136,2016
140,12/6/13,47 Ronin,/movie/47-Ronin#tab=summary,175000000,38362475,151716815,9910310,PG-13,Action,2690,127,2013
123,3/6/19,Captain Marvel,/movie/Captain-Marvel-(2019)#tab=summary,175000000,426829839,1129727388,153433423,PG-13,Action,4310,124,2019
132,6/16/17,Cars 3,/movie/Cars-3#tab=summary,175000000,152901115,383541369,53688680,G,Adventure,4256,109,2017
129,10/27/17,Coco,/movie/Coco-(2017)#tab=summary,175000000,210460015,797666425,50802605,PG,Musical,3987,105,2017
138,1/8/20,Dolittle,/movie/Dolittle#tab=summary,175000000,77047065,251410631,21844045,PG,Adventure,4155,103,2020
136,6/22/07,Evan Almighty,/movie/Evan-Almighty#tab=summary,175000000,100289690,174131329,31192615,PG,Comedy,3636,96,2007
133,8/7/09,G.I. Joe: The Rise of Cobra,/movie/GI-Joe-The-Rise-of-Cobra-(2009)#tab=summary,175000000,150201498,302469017,54713046,PG-13,Action,4007,118,2009
125,6/12/15,Inside Out,/movie/Inside-Out-(2015)#tab=summary,175000000,356461711,853003563,90440272,PG,Adventure,4158,95,2015
139,5/11/17,King Arthur: Legend of the Sword,/movie/King-Arthur-Legend-of-the-Sword#tab=summary,175000000,39175066,139630336,15371270,PG-13,Adventure,3702,126,2017
131,3/27/09,Monsters vs. Aliens,/movie/Monsters-vs-Aliens#tab=summary,175000000,198351526,381687380,59321095,PG,Adventure,4136,95,2009
130,11/21/18,Ralph Breaks The Internet,/movie/Ralph-Breaks-The-Internet-(2018)#tab=summary,175000000,201091711,529290830,56237634,PG,Adventure,4017,112,2018
126,7/5/17,Spider-Man: Homecoming,/movie/Spider-Man-Homecoming#tab=summary,175000000,334201140,878346440,117027503,PG-13,Action,4348,133,2017
127,8/2/16,Suicide Squad,/movie/Suicide-Squad#tab=summary,175000000,325100054,745744980,133682248,PG-13,Action,4255,123,2016
124,4/7/16,The Jungle Book (live action),/movie/Jungle-Book-The-(2016)#tab=summary,175000000,364001123,953554418,103261464,PG,Adventure,4144,105,2016
135,8/1/08,The Mummy: Tomb of the Dragon Emperor,/movie/Mummy-Tomb-of-the-Dragon-Emperor-The#tab=summary,175000000,102491776,405760225,40457770,PG-13,Adventure,3778,111,2008
141,3/10/22,Turning Red,/movie/Turning-Red-(2022)#tab=summary,175000000,0,10965045,NA,PG,Adventure,NA,100,2022
128,5/28/09,Up,/movie/Up#tab=summary,175000000,293004164,731463377,68108790,PG,Adventure,3886,89,2009
137,7/28/95,Waterworld,/movie/Waterworld#tab=summary,175000000,88246220,264246220,21171780,PG-13,Action,2420,135,1995
134,6/30/99,Wild Wild West,/movie/Wild-Wild-West#tab=summary,175000000,113805681,221229335,27687484,PG-13,Adventure,3342,107,1999
156,5/20/16,Alice Through the Looking Glass,/movie/Alice-Through-the-Looking-Glass#tab=summary,170000000,77042381,276928112,26858726,PG,Adventure,3763,113,2016
155,2/1/19,Alita: Battle Angel,/movie/Alita-Battle-Angel-(2019)#tab=summary,170000000,85838210,401900040,28525613,PG-13,Action,3802,122,2019
146,3/28/14,Captain America: The Winter Soldier,/movie/Captain-America-The-Winter-Soldier#tab=summary,170000000,259746958,714401889,95023721,PG-13,Action,3938,135,2014
147,7/9/14,Dawn of the Planet of the Apes,/movie/Dawn-of-the-Planet-of-the-Apes#tab=summary,170000000,208545589,710644566,72611427,PG-13,Adventure,3969,130,2014
152,3/27/19,Dumbo,/movie/Dumbo-(2019)#tab=summary,170000000,114766307,353166307,45990748,PG,Adventure,4259,130,2019
153,5/29/19,Godzilla: King of the Monsters,/movie/Godzilla-King-of-the-Monsters-(2019)#tab=summary,170000000,110500138,383299915,47776293,PG-13,Action,4108,132,2019
144,7/31/14,Guardians of the Galaxy,/movie/Guardians-of-the-Galaxy#tab=summary,170000000,333714112,770882395,94320883,PG-13,Action,4088,121,2014
145,5/7/10,Iron Man 2,/movie/Iron-Man-2#tab=summary,170000000,312433331,621156389,128122480,PG-13,Action,4390,125,2010
143,6/6/18,Jurassic World: Fallen Kingdom,/movie/Jurassic-World-Fallen-Kingdom-(2018)#tab=summary,170000000,417719760,1308334005,148024610,PG-13,Action,4485,128,2018
149,5/30/12,Snow White and the Huntsman,/movie/Snow-White-and-the-Huntsman#tab=summary,170000000,155136755,401021746,56217700,PG-13,Adventure,3777,127,2012
150,7/1/03,Terminator 3: Rise of the Machines,/movie/Terminator-3-Rise-of-the-Machines#tab=summary,170000000,150358296,433058296,44041440,R,Action,3504,109,2003
148,11/10/04,The Polar Express,/movie/Polar-Express-The#tab=summary,170000000,188578855,312719437,23325035,G,Adventure,3650,92,2004
154,5/20/15,Tomorrowland,/movie/Tomorrowland#tab=summary,170000000,93436322,206627518,33028165,PG,Adventure,3972,129,2015
142,5/20/22,Top Gun: Maverick,/movie/Top-Gun-Maverick-(2020)#tab=summary,170000000,715270567,1478823595,126707459,PG-13,Action,4751,131,2022
151,5/5/04,Van Helsing,/movie/Van-Helsing#tab=summary,170000000,120150546,300150546,51748040,PG-13,Action,3580,132,2004
160,10/25/14,Big Hero 6,/movie/Big-Hero-6#tab=summary,165000000,222527828,648415024,56215889,PG,Adventure,3773,108,2014
159,10/24/16,Doctor Strange,/movie/Doctor-Strange-(2016)#tab=summary,165000000,232641920,676354481,85058311,PG-13,Action,3882,115,2016
164,9/15/21,Dune,/movie/Dune-(2020)#tab=summary,165000000,108327830,397720527,41011174,PG-13,Action,4125,156,2021
161,3/26/10,How to Train Your Dragon,/movie/How-to-Train-Your-Dragon#tab=summary,165000000,217581232,494870992,43732319,PG,Adventure,4060,91,2010
165,6/22/16,Independence Day: Resurgence,/movie/Independence-Day-Resurgence#tab=summary,165000000,103144286,384169424,41039944,PG-13,Action,4091,119,2016
163,11/5/14,Interstellar,/movie/Interstellar#tab=summary,165000000,188017894,649133873,47510360,PG-13,Adventure,3561,165,2014
157,6/1/22,Jurassic World: Dominion,/movie/Jurassic-World-Dominion-(2022)#tab=summary,165000000,376009080,1001188755,145075625,PG-13,Action,4697,146,2022
158,5/21/10,Shrek Forever After,/movie/Shrek-Forever-After-(2010)#tab=summary,165000000,238736787,756244673,70838207,PG,Adventure,4386,93,2010
162,11/1/12,Wreck-It Ralph,/movie/Wreck-It-Ralph#tab=summary,165000000,189412677,496511521,49038712,PG,Adventure,3752,101,2012
166,7/29/11,Cowboys and Aliens,/movie/Cowboys-and-Aliens#tab=summary,163000000,100368560,176038324,36431290,PG-13,Action,3754,118,2011
169,12/6/18,Aquaman,/movie/Aquaman-(2018)#tab=summary,160000000,335061807,1143758700,67873522,PG-13,Action,4184,143,2018
167,3/16/17,Beauty and the Beast (live action),/movie/Beauty-and-the-Beast-(2017)#tab=summary,160000000,504014165,1270042058,174750616,PG,Musical,4210,123,2017
173,5/17/13,Fast and Furious 6,/movie/Fast-and-Furious-6#tab=summary,160000000,238679850,789300444,97375245,PG-13,Action,3771,130,2013
174,5/14/14,Godzilla,/movie/Godzilla-(2014)#tab=summary,160000000,200676069,529076069,93188384,PG-13,Action,3952,123,2014
171,7/16/10,Inception,/movie/Inception#tab=summary,160000000,292576195,728582465,62785337,PG-13,Thriller,3792,147,2010
178,5/12/06,Poseidon,/movie/Poseidon#tab=summary,160000000,60674817,181674817,22155410,PG-13,Adventure,3555,NA,2006
170,5/17/07,Shrek the Third,/movie/Shrek-the-Third#tab=summary,160000000,322719944,807330936,121629270,PG,Adventure,4172,92,2007
168,6/27/19,Spider-Man: Far From Home,/movie/Spider-Man-Far-From-Home-(2019)#tab=summary,160000000,390532085,1132532832,92579212,PG-13,Action,4634,129,2019
176,12/25/08,The Curious Case of Benjamin Button,/movie/Curious-Case-of-Benjamin-Button-The#tab=summary,160000000,127509326,329631958,26853816,PG-13,Drama,2988,167,2008
172,11/18/15,The Hunger Games: Mockingjay - Part 2,/movie/Hunger-Games-Mockingjay-Part-2-The#tab=summary,160000000,281723902,648986787,102665981,PG-13,Suspense,4175,136,2015
177,7/14/10,The Sorcerer's Apprentice,/movie/Sorcerers-Apprentice-The#tab=summary,160000000,63150991,217986320,17619622,PG,Adventure,3504,108,2010
179,5/25/16,Warcraft,/movie/Warcraft#tab=summary,160000000,47365290,438899824,24166110,PG-13,Action,3406,123,2016
175,6/3/11,X-Men: First Class,/movie/X-Men-First-Class#tab=summary,160000000,146408305,355408305,55101604,PG-13,Action,3692,132,2011
180,11/1/19,The Irishman,/movie/Irishman-The-(2019)#tab=summary,159000000,0,910234,NA,R,Drama,NA,210,2019
181,9/29/16,Deepwater Horizon,/movie/Deepwater-Horizon#tab=summary,156000000,61433527,122359309,20223544,PG-13,Thriller,3403,107,2016
186,11/24/04,Alexander,/movie/Alexander#tab=summary,155000000,34297191,167297191,13687087,R,Action,2445,175,2004
183,3/25/21,Godzilla vs. Kong,/movie/Godzilla-vs-Kong-(2020)#tab=summary,155000000,100916094,468064628,32200000,PG-13,Action,3084,113,2021
185,3/16/18,Pacific Rim: Uprising,/movie/Pacific-Rim-Uprising#tab=summary,155000000,59874525,290930148,28116535,PG-13,Action,3708,111,2018
184,6/24/15,Terminator: Genisys,/movie/Terminator-Genisys#tab=summary,155000000,89760956,432150894,27018486,PG-13,Action,3783,126,2015
182,12/10/10,The Chronicles of Narnia: The Voyage of the Daw…,/movie/Chronicles-of-Narnia-The-Voyage-of-the-Dawn-Treader-The#tab=summary,155000000,104386950,418186950,NA,NA,NA,NA,NA,2010
187,7/14/17,War for the Planet of the Apes,/movie/War-for-the-Planet-of-the-Apes#tab=summary,152000000,146880162,489592267,56262929,PG-13,Action,4100,142,2017
188,5/25/01,Pearl Harbor,/movie/Pearl-Harbor#tab=summary,151500000,198539855,449239853,59078912,PG-13,Action,3255,182,2001
189,7/2/07,Transformers,/movie/Transformers#tab=summary,151000000,319246193,708272592,70502384,PG-13,Action,4050,142,2007
236,12/13/19,6 Underground,/movie/6-Underground-(2019)#tab=summary,150000000,0,0,NA,R,Action,NA,128,2019
218,5/15/09,Angels & Demons,/movie/Angels-and-Demons#tab=summary,150000000,133375846,490875846,46204168,PG-13,Thriller,3527,138,2009
204,6/15/05,Batman Begins,/movie/Batman-Begins#tab=summary,150000000,205343774,358858124,48745440,PG-13,Action,3858,140,2005
221,11/2/07,Bee Movie,/movie/Bee-Movie#tab=summary,150000000,126631277,287594577,38021044,PG,Adventure,3984,90,2007
226,11/16/07,Beowulf,/movie/Beowulf#tab=summary,150000000,82280579,195080579,27515871,PG-13,Adventure,3249,115,2007
223,11/21/08,Bolt,/movie/Bolt#tab=summary,150000000,114053579,328015029,26223128,PG,Adventure,3654,96,2008
201,7/15/05,Charlie and the Chocolate Factory,/movie/Charlie-and-the-Chocolate-Factory-(2005)#tab=summary,150000000,206459076,475825484,56178450,PG,Adventure,3790,115,2005
216,11/4/05,Chicken Little,/movie/Chicken-Little#tab=summary,150000000,135386665,310043823,40049778,G,Adventure,3658,82,2005
227,5/9/12,Dark Shadows,/movie/Dark-Shadows#tab=summary,150000000,79727149,238202668,29685274,PG-13,Black Comedy,3755,112,2012
206,7/18/17,Dunkirk,/movie/Dunkirk-(2017)#tab=summary,150000000,190068280,518058826,50513488,PG-13,Action,4014,107,2017
224,11/24/21,Encanto,/movie/Encanto-(2021)#tab=summary,150000000,96093622,230873149,27206494,PG,Adventure,3980,109,2021
192,11/22/13,Frozen,/movie/Frozen-(2013)#tab=summary,150000000,400953009,1261788407,243390,PG,Musical,3742,102,2013
190,11/20/19,Frozen II,/movie/Frozen-II-(2019)#tab=summary,150000000,477373578,1445182280,130263358,PG,Adventure,4440,103,2019
222,7/24/09,G-Force,/movie/G-Force#tab=summary,150000000,119436770,292817841,31706934,PG,Adventure,3697,87,2009
199,7/1/08,Hancock,/movie/Hancock-(2008)#tab=summary,150000000,227946274,624234272,62603879,PG-13,Action,3965,92,2008
195,11/18/05,Harry Potter and the Goblet of Fire,/movie/Harry-Potter-and-the-Goblet-of-Fire#tab=summary,150000000,290201752,886746240,102685961,PG-13,Adventure,3858,150,2005
194,7/11/07,Harry Potter and the Order of the Phoenix,/movie/Harry-Potter-and-the-Order-of-the-Phoenix#tab=summary,150000000,292137260,939619849,77108414,PG-13,Adventure,4285,138,2007
197,12/14/07,I am Legend,/movie/I-am-Legend#tab=summary,150000000,256393010,585532684,77211321,PG-13,Horror,3648,100,2007
211,5/26/11,Kung Fu Panda 2,/movie/Kung-Fu-Panda-2#tab=summary,150000000,165249063,664837547,47656302,PG,Adventure,3952,90,2011
212,5/14/15,Mad Max: Fury Road,/movie/Mad-Max-Fury-Road#tab=summary,150000000,153636354,367457874,45428128,R,Action,3722,120,2015
208,11/7/08,Madagascar: Escape 2 Africa,/movie/Madagascar-Escape-2-Africa#tab=summary,150000000,180174880,599680774,63106589,PG,Adventure,4065,89,2008
233,3/11/11,Mars Needs Moms,/movie/Mars-Needs-Moms#tab=summary,150000000,21392758,39549758,6914488,PG,Adventure,3117,88,2011
217,5/5/06,Mission: Impossible III,/movie/Mission-Impossible-III#tab=summary,150000000,133501348,399387745,47743273,PG-13,Action,4059,126,2006
205,7/29/15,Mission: Impossible - Rogue Nation,/movie/Mission-Impossible-Rogue-Nation#tab=summary,150000000,195042377,688858992,55520089,PG-13,Action,3988,131,2015
198,1/27/16,Moana,/movie/Moana-(2016)#tab=summary,150000000,248757044,631617146,56631401,PG,Musical,3875,113,2016
234,2/3/22,Moonfall,/movie/Moonfall-(2022)#tab=summary,150000000,19060660,59049032,9868997,PG-13,Action,3446,124,2022
210,5/22/09,Night at the Museum: Battle of the Smithsonian,/movie/Night-at-the-Museum-Battle-of-the-Smithsonian#tab=summary,150000000,177243721,402231063,54173286,PG,Adventure,4101,105,2009
232,9/25/15,Pan,/movie/Pan-(2015)#tab=summary,150000000,35088320,151525973,15315435,PG,Adventure,3515,111,2015
213,5/3/19,Pokemon: Detective Pikachu,/movie/Pokemon-Detective-Pikachu-(2019)#tab=summary,150000000,144105346,431344168,54365242,PG,Adventure,4248,104,2019
202,6/29/07,Ratatouille,/movie/Ratatouille#tab=summary,150000000,206445654,626549695,47027395,G,Adventure,3940,110,2007
215,3/20/18,Ready Player One,/movie/Ready-Player-One#tab=summary,150000000,137690172,579055653,41769050,PG-13,Adventure,4234,140,2018
235,11/4/21,Red Notice,/movie/Red-Notice-(2020)#tab=summary,150000000,0,173638,NA,PG-13,Action,NA,115,2021
200,9/1/21,Shang-Chi and the Legend of the Ten Rings,/movie/Shang-Chi-and-the-Legend-of-the-Ten-Rings-(2021)#tab=summary,150000000,224543292,432243292,75388688,PG-13,Action,4300,132,2021
229,7/14/21,Space Jam: A New Legacy,/movie/Space-Jam-A-New-Legacy#tab=summary,150000000,70592228,144003749,31053362,PG,Comedy,4002,115,2021
231,12/15/16,The Great Wall,/movie/Great-Wall-The#tab=summary,150000000,45157105,334486852,18469620,PG-13,Action,3328,104,2016
220,7/1/10,The Last Airbender,/movie/Last-Airbender-The#tab=summary,150000000,131772187,319713881,40325019,PG,Adventure,3203,103,2010
196,5/15/03,The Matrix Reloaded,/movie/Matrix-Reloaded-The#tab=summary,150000000,281553689,738576929,91774413,R,Action,3603,138,2003
214,11/5/03,The Matrix Revolutions,/movie/Matrix-Revolutions-The#tab=summary,150000000,139270910,427300260,48475154,R,Action,3502,129,2003
230,2/12/10,The Wolfman,/movie/Wolfman-The-(2010)#tab=summary,150000000,62189884,142634358,31479235,R,Horror,3223,102,2010
207,4/29/11,Thor,/movie/Thor#tab=summary,150000000,181030624,449326618,65723338,PG-13,Action,3963,113,2011
203,10/30/13,Thor: The Dark World,/movie/Thor-The-Dark-World#tab=summary,150000000,206362140,644602516,85737841,PG-13,Action,3841,111,2013
219,5/13/04,Troy,/movie/Troy#tab=summary,150000000,133298577,483152040,46865412,R,Action,3411,162,2004
228,6/28/13,White House Down,/movie/White-House-Down#tab=summary,150000000,73103784,205440387,24852258,PG-13,Thriller,3222,131,2013
191,5/29/17,Wonder Woman,/movie/Wonder-Woman-(2017)#tab=summary,150000000,412563408,818058221,103251471,PG-13,Action,4165,141,2017
225,3/28/12,Wrath of the Titans,/movie/Wrath-of-the-Titans#tab=summary,150000000,83670083,305270083,33457188,PG-13,Adventure,3545,99,2012
209,5/1/09,X-Men Origins: Wolverine,/movie/X-Men-Origins-Wolverine#tab=summary,150000000,179883157,374825760,85058003,PG-13,Action,4102,107,2009
193,2/10/16,Zootopia,/movie/Zootopia-(2016)#tab=summary,150000000,341268248,1004629935,75063401,PG,Adventure,3959,108,2016
237,11/3/06,Flushed Away,/movie/Flushed-Away#tab=summary,149000000,64665672,179357126,18814323,PG,Adventure,3707,85,2006
240,6/5/14,How to Train Your Dragon 2,/movie/How-to-Train-Your-Dragon-2-(2014)#tab=summary,145000000,177002924,614586270,49451322,PG,Adventure,4268,102,2014
238,6/8/12,Madagascar 3: Europe's Most Wanted,/movie/Madagascar-3#tab=summary,145000000,216391482,746921271,60316738,PG,Adventure,4263,85,2012
239,12/14/11,Mission: Impossible - Ghost Protocol,/movie/Mission-Impossible-Ghost-Protocol#tab=summary,145000000,209397903,694713230,12785204,PG-13,Action,3555,132,2011
242,2/20/14,Mr. Peabody & Sherman,/movie/Mr-Peabody-and-Sherman#tab=summary,145000000,111506430,269806430,32207057,PG,Adventure,3951,91,2014
243,11/20/12,Rise of the Guardians,/movie/Rise-of-the-Guardians#tab=summary,145000000,103412758,306900902,23773465,PG,Adventure,3672,97,2012
244,4/8/05,Sahara,/movie/Sahara#tab=summary,145000000,68671925,121645390,18068372,PG-13,Adventure,3200,124,2005
241,6/16/99,Tarzan,/movie/Tarzan#tab=summary,145000000,171091819,448191819,34221968,G,Adventure,3131,88,1999
245,7/13/16,Ghostbusters,/movie/Ghostbusters-(2016)#tab=summary,144000000,128350574,229008658,46018755,PG-13,Comedy,3963,117,2016
246,11/22/02,Die Another Day,/movie/Die-Another-Day#tab=summary,142000000,160942139,431942139,47072040,PG-13,Action,3377,133,2002
249,7/1/98,Armageddon,/movie/Armageddon#tab=summary,140000000,201578182,554600000,36089972,PG-13,Adventure,3184,150,1998
251,7/22/11,Captain America: The First Avenger,/movie/Captain-America-The-First-Avenger#tab=summary,140000000,176654505,370569776,65058524,PG-13,Action,3715,124,2011
261,NA,Desert Warrior,/movie/Desert-Warrior-(2022-Saudi-Arabia)#tab=summary,140000000,0,0,NA,NA,NA,NA,NA,NA
257,12/5/14,Exodus: Gods and Kings,/movie/Exodus-Gods-and-Kings#tab=summary,140000000,65014513,268314513,24115934,PG-13,Drama,3503,150,2014
256,12/21/05,Fun With Dick And Jane,/movie/Fun-With-Dick-And-Jane#tab=summary,140000000,110550000,203018919,14383515,PG-13,Comedy,3239,90,2005
254,3/27/13,G.I. Joe: Retaliation,/movie/GI-Joe-Retaliation#tab=summary,140000000,122523060,375740705,40501814,PG-13,Action,3734,110,2013
259,10/3/19,Gemini Man,/movie/Gemini-Man-(2019)#tab=summary,140000000,48546770,166623705,20552372,PG-13,Action,3642,116,2019
260,2/24/16,Gods of Egypt,/movie/Gods-of-Egypt#tab=summary,140000000,31153464,138836756,14123903,PG-13,Adventure,3117,127,2016
252,1/23/16,Kung Fu Panda 3,/movie/Kung-Fu-Panda-3#tab=summary,140000000,143528619,521170825,41282042,PG,Adventure,3987,94,2016
253,7/10/98,Lethal Weapon 4,/movie/Lethal-Weapon-4#tab=summary,140000000,130444603,285400000,34048124,R,Action,3117,127,1998
250,7/3/02,Men in Black 2,/movie/Men-in-Black-2#tab=summary,140000000,190418803,441767803,52148751,PG-13,Action,3641,86,2002
247,7/9/03,Pirates of the Caribbean: The Curse of the Black Pearl,/movie/Pirates-of-the-Caribbean-The-Curse-of-the-Black-Pearl#tab=summary,140000000,305410819,654310819,NA,NA,NA,NA,NA,2003
248,5/8/09,Star Trek,/movie/Star-Trek#tab=summary,140000000,257730019,386839614,79204289,PG-13,Adventure,4053,125,2009
258,6/30/16,The BFG,/movie/BFG-The-(2016)#tab=summary,140000000,55483770,199646680,18775350,PG,Adventure,3392,115,2016
255,12/5/03,The Last Samurai,/movie/Last-Samurai-The#tab=summary,140000000,111110575,456810575,24271354,R,Action,2938,154,2003
262,5/3/02,Spider-Man,/movie/Spider-Man#tab=summary,139000000,403706375,821706375,114844116,PG-13,Adventure,3876,121,2002
264,7/29/05,Stealth,/movie/Stealth#tab=summary,138000000,32116746,76416746,13251545,PG-13,Action,3495,121,2005
263,3/6/09,Watchmen,/movie/Watchmen#tab=summary,138000000,107509799,186976250,55214334,R,Action,3611,161,2009
265,6/13/08,The Incredible Hulk,/movie/Incredible-Hulk-The#tab=summary,137500000,134806913,265573859,55414050,PG-13,Adventure,3508,112,2008
267,7/11/01,Final Fantasy: The Spirits Within,/movie/Final-Fantasy-The-Spirits-Within#tab=summary,137000000,32131830,85131830,11408853,PG-13,Adventure,2649,106,2001
266,6/20/03,Hulk,/movie/Hulk#tab=summary,137000000,132177234,245031679,62128420,PG-13,Action,3674,138,2003
268,11/14/12,"The Twilight Saga: Breaking Dawn, Part 2",/movie/Twilight-Saga-Breaking-Dawn-Part-2-The#tab=summary,136200000,292324737,829724737,141067634,PG-13,Drama,4070,115,2012
276,11/18/11,Happy Feet Two,/movie/Happy-Feet-2#tab=summary,135000000,64006466,157956466,21237068,PG,Adventure,3611,99,2011
273,11/14/03,Master and Commander: The Far Side of the World,/movie/Master-and-Commander-The-Far-Side-of-the-World#tab=summary,135000000,93926386,212912137,25105990,PG-13,Adventure,3101,139,2003
277,7/28/06,Miami Vice,/movie/Miami-Vice-(2006)#tab=summary,135000000,63478838,164920076,25723815,R,Action,3026,132,2006
272,3/4/11,Rango,/movie/Rango#tab=summary,135000000,123477607,245724600,38079323,PG,Adventure,3923,107,2011
275,6/2/16,Teenage Mutant Ninja Turtles: Out of the Shadows,/movie/Teenage-Mutant-Ninja-Turtles-Out-of-the-Shadows#tab=summary,135000000,82051601,245328374,35316382,PG-13,Adventure,4071,112,2016
269,3/15/13,The Croods,/movie/Croods-The#tab=summary,135000000,187168425,573068425,43639736,PG,Adventure,4065,98,2013
270,12/25/15,The Revenant,/movie/Revenant-The-(2015)#tab=summary,135000000,183637894,532938302,474560,R,Adventure,3711,156,2015
271,11/19/99,The World is Not Enough,/movie/World-is-Not-Enough-The#tab=summary,135000000,126930660,361730660,35519007,PG-13,Action,3165,128,1999
274,7/17/13,Turbo,/movie/Turbo#tab=summary,135000000,83028130,286896578,21312625,PG,Adventure,3809,96,2013
278,10/31/18,The Nutcracker and the Four Realms,/movie/Nutcracker-and-the-Four-Realms-The-(2018)#tab=summary,132900000,54858851,170024300,20352491,PG,Adventure,3766,99,2018
280,11/26/14,Penguins of Madagascar,/movie/Penguins-of-Madagascar#tab=summary,132000000,83350911,366942531,25447444,PG,Adventure,3775,92,2014
279,6/24/05,War of the Worlds,/movie/War-of-the-Worlds#tab=summary,132000000,234280354,606836535,64878725,PG-13,Action,3910,116,2005
296,5/31/13,After Earth,/movie/After-Earth#tab=summary,130000000,60522097,251499665,27520040,PG-13,Action,3401,99,2013
286,7/14/15,Ant-Man,/movie/Ant-Man#tab=summary,130000000,180202163,518858449,57225526,PG-13,Action,3868,117,2015
284,7/3/18,Ant-Man and the Wasp,/movie/Ant-Man-and-the-Wasp#tab=summary,130000000,216648740,623144660,75812205,PG-13,Action,4206,118,2018
297,11/26/08,Australia,/movie/Australia-(2008)#tab=summary,130000000,49554002,215080810,14800723,PG-13,Drama,2721,165,2008
291,7/18/03,Bad Boys II,/movie/Bad-Boys-II#tab=summary,130000000,138540870,273271982,46522560,R,Action,3202,140,2003
282,5/31/04,Harry Potter and the Prisoner of Azkaban,/movie/Harry-Potter-and-the-Prisoner-of-Azkaban#tab=summary,130000000,249757726,789592708,93687367,PG,Adventure,3855,141,2004
287,3/19/15,Home,/movie/Home-(2015)#tab=summary,130000000,177397510,385997896,52107731,PG,Adventure,3801,94,2015
285,6/6/08,Kung Fu Panda,/movie/Kung-Fu-Panda#tab=summary,130000000,215434591,631910531,60239130,PG,Adventure,4136,91,2008
288,12/19/18,Mary Poppins Returns,/movie/Mary-Poppins-Returns-(2018)#tab=summary,130000000,171958438,348901032,23523121,PG,Musical,4090,130,2018
290,11/5/10,Megamind,/movie/Megamind#tab=summary,130000000,148415853,321887208,46016833,PG,Adventure,3949,95,2010
294,3/27/14,Noah,/movie/Noah#tab=summary,130000000,101200044,352831065,43720472,PG-13,Drama,3571,137,2014
289,10/28/11,Puss in Boots,/movie/Puss-in-Boots#tab=summary,130000000,149260504,554987477,34077439,PG,Adventure,3963,90,2011
298,7/19/13,R.I.P.D.,/movie/RIPD#tab=summary,130000000,33618855,79076678,12691415,PG-13,Action,2852,98,2013
292,3/20/14,Rio 2,/movie/Rio-2#tab=summary,130000000,131538435,492846291,39327869,G,Adventure,3975,101,2014
293,7/23/10,Salt,/movie/Salt#tab=summary,130000000,118311368,290650494,36011243,PG-13,Thriller,3612,100,2010
295,10/28/11,The Adventures of Tintin,/movie/Adventures-of-Tintin-The#tab=summary,130000000,77591831,373993951,9720993,PG,Adventure,3087,104,2011
283,8/3/07,The Bourne Ultimatum,/movie/Bourne-Ultimatum-The#tab=summary,130000000,227471070,444043396,69283690,PG-13,Suspense,3701,113,2007
281,11/15/13,The Hunger Games: Catching Fire,/movie/Hunger-Games-Catching-Fire-The#tab=summary,130000000,424668047,864868047,158074286,PG-13,Adventure,4163,146,2013
299,1/3/19,How to Train Your Dragon: The Hidden World,/movie/How-to-Train-Your-Dragon-The-Hidden-World-(2019)#tab=summary,129000000,160799505,521214533,55022245,PG,Adventure,4286,104,2019
301,5/19/00,Dinosaur,/movie/Dinosaur#tab=summary,127500000,137748063,356148063,38854851,PG,Adventure,3319,82,2000
300,11/18/11,"The Twilight Saga: Breaking Dawn, Part 1",/movie/Twilight-Saga-Breaking-Dawn-Part-1-The#tab=summary,127500000,281287133,688288353,138122261,PG-13,Drama,4066,117,2011
302,2/23/17,Logan,/movie/Logan-(2017)#tab=summary,127000000,226277068,614202315,88411916,R,Action,4071,135,2017
303,12/18/14,Night at the Museum: Secret of the Tomb,/movie/Night-at-the-Museum-Secret-of-the-Tomb#tab=summary,127000000,113746621,353756621,17100520,PG,Adventure,3914,97,2014
325,12/21/16,Assassin’s Creed,/movie/Assassins-Creed#tab=summary,125000000,54647948,240759682,10278225,PG-13,Action,2996,116,2016
321,6/20/97,Batman & Robin,/movie/Batman-and-Robin#tab=summary,125000000,107325195,238317814,42872605,PG-13,Action,2942,125,1997
316,4/1/10,Clash of the Titans,/movie/Clash-of-the-Titans-(2010)#tab=summary,125000000,163214888,493214888,61235105,PG-13,Action,3802,106,2010
311,4/21/11,Fast Five,/movie/Fast-Five#tab=summary,125000000,210031325,630163454,86198765,PG-13,Action,3793,130,2011
318,5/19/98,Godzilla,/movie/Godzilla#tab=summary,125000000,136314294,376000000,93188384,PG-13,Action,3952,123,1998
308,11/17/10,Harry Potter and the Deathly Hallows: Part 1,/movie/Harry-Potter-and-the-Deathly-Hallows-Part-I#tab=summary,125000000,296131568,951767705,125017372,PG-13,Adventure,4125,146,2010
304,7/13/11,Harry Potter and the Deathly Hallows: Part 2,/movie/Harry-Potter-and-the-Deathly-Hallows-Part-II#tab=summary,125000000,381193157,1316355322,169189427,PG-13,Adventure,4375,131,2011
306,11/15/01,Harry Potter and the Sorcerer's Stone,/movie/Harry-Potter-and-the-Sorcerers-Stone#tab=summary,125000000,317871467,965054122,90294621,PG,Adventure,3672,152,2001
307,12/4/19,Jumanji: The Next Level,/movie/Jumanji-The-Next-Level#tab=summary,125000000,316831246,798332900,59251543,PG-13,Adventure,4227,123,2019
326,12/29/16,Monster Trucks,/movie/Monster-Trucks#tab=summary,125000000,33370166,61642798,10950705,PG-13,Adventure,3119,104,2016
319,5/30/12,Prometheus,/movie/Prometheus#tab=summary,125000000,126477084,402448265,51050101,R,Suspense,3442,124,2012
313,12/16/11,Sherlock Holmes: A Game of Shadows,/movie/Sherlock-Holmes-A-Game-of-Shadows-(2011)#tab=summary,125000000,186848418,535663443,39637079,PG-13,Action,3703,129,2011
322,7/5/18,Skyscraper,/movie/Skyscraper#tab=summary,125000000,68420120,304868961,24905015,PG,Action,3822,103,2018
312,8/8/14,Teenage Mutant Ninja Turtles,/movie/Teenage-Mutant-Ninja-Turtles-(2014)#tab=summary,125000000,191204754,485004754,65575105,PG-13,Adventure,3980,101,2014
327,8/27/99,The 13th Warrior,/movie/13th-Warrior-The#tab=summary,125000000,32698899,61698899,10267756,R,Action,2313,103,1999
315,3/17/17,The Boss Baby,/movie/Boss-Baby-The#tab=summary,125000000,175003033,527965936,50198902,PG,Adventure,3829,97,2017
320,8/10/12,The Bourne Legacy,/movie/Bourne-Legacy-The#tab=summary,125000000,113203870,280355920,38142825,PG-13,Thriller,3753,135,2012
323,1/3/20,The Call of the Wild,/movie/Call-of-the-Wild-The-(2020)#tab=summary,125000000,62342368,107360936,24791624,PG,Adventure,3914,100,2020
309,5/19/06,The Da Vinci Code,/movie/Da-Vinci-Code-The#tab=summary,125000000,217536138,767820459,77073388,PG-13,Thriller,3757,152,2006
314,5/27/04,The Day After Tomorrow,/movie/Day-After-Tomorrow-The#tab=summary,125000000,186740799,555840117,68743584,PG-13,Adventure,3444,123,2004
305,11/19/14,The Hunger Games: Mockingjay - Part 1,/movie/Hunger-Games-Mockingjay-Part-1-The#tab=summary,125000000,337135885,766575131,121897634,PG-13,Thriller,4151,123,2014
324,8/3/12,Total Recall,/movie/Total-Recall-(Remake)#tab=summary,125000000,58877969,211856088,25577758,PG-13,Action,3601,117,2012
317,10/12/16,Trolls,/movie/Trolls#tab=summary,125000000,153707064,343242613,46581142,PG,Adventure,4066,93,2016
310,4/30/03,X-Men 2,/movie/X-Men-2-(2003)#tab=summary,125000000,214949694,406348630,85558731,PG-13,Action,3749,135,2003
328,11/17/00,How the Grinch Stole Christmas,/movie/How-the-Grinch-Stole-Christmas-(2000)#tab=summary,123000000,260348825,345445403,55820330,PG,Adventure,3256,105,2000
337,6/27/03,Charlie's Angels: Full Throttle,/movie/Charlies-Angels-Full-Throttle#tab=summary,120000000,100814328,227163273,37634221,PG-13,Action,3485,106,2003
338,8/9/13,Elysium,/movie/Elysium#tab=summary,120000000,93050117,286192091,29807393,R,Action,3284,109,2013
349,12/2/22,Emancipation,/movie/Emancipation-(2022)#tab=summary,120000000,0,0,NA,NA,Suspense,NA,132,2022
333,6/15/07,Fantastic Four: Rise of the Silver Surfer,/movie/Fantastic-Four-Rise-of-the-Silver-Surfer#tab=summary,120000000,131921738,289480691,58051684,PG,Action,3963,91,2007
335,2/16/07,Ghost Rider,/movie/Ghost-Rider#tab=summary,120000000,115802596,229545589,45388836,PG-13,Action,3620,110,2007
347,12/17/10,How Do You Know?,/movie/How-Do-You-Know#tab=summary,120000000,30212620,49628177,7484696,R,Romantic Comedy,2483,121,2010
331,7/20/16,Jason Bourne,/movie/Jason-Bourne#tab=summary,120000000,162192920,416168316,59215365,PG-13,Action,4039,123,2016
334,11/21/12,Life of Pi,/movie/Life-of-Pi#tab=summary,120000000,124987022,619310368,22451514,PG,Drama,2946,125,2012
329,5/24/00,Mission: Impossible 2,/movie/Mission-Impossible-2#tab=summary,120000000,215409889,549588516,57845297,PG-13,Action,3669,126,2000
339,4/19/13,Oblivion,/movie/Oblivion-(2013)#tab=summary,120000000,89107235,287916633,37054485,PG-13,Thriller,3792,125,2013
348,11/9/18,Outlaw King,/movie/Outlaw-King-(2018)#tab=summary,120000000,0,0,NA,R,Action,NA,117,2018
340,3/24/17,Power Rangers,/movie/Power-Rangers-(2017)#tab=summary,120000000,85364450,142531552,40300288,PG-13,Action,3693,124,2017
336,4/9/18,Rampage,/movie/Rampage-(2018)#tab=summary,120000000,101028233,427947217,35753093,PG-13,Action,4115,107,2018
342,2/12/14,RoboCop,/movie/RoboCop-(2013)#tab=summary,120000000,58607007,242981799,21681430,PG-13,Action,3372,116,2014
345,5/9/08,Speed Racer,/movie/Speed-Racer#tab=summary,120000000,43945766,93394462,18561337,PG,Action,3606,135,2008
341,7/19/02,Stuart Little 2,/movie/Stuart-Little-2#tab=summary,120000000,64956806,166000000,15115152,PG,Adventure,3282,77,2002
343,6/11/04,The Chronicles of Riddick,/movie/Chronicles-of-Riddick-The#tab=summary,120000000,57712751,107212751,24289165,PG-13,Adventure,2759,119,2004
344,8/5/15,The Fantastic Four,/movie/Fantastic-Four-The-(2015)#tab=summary,120000000,56117548,167849187,NA,NA,NA,NA,NA,2015
346,7/22/05,The Island,/movie/Island-The-(2005)#tab=summary,120000000,35818913,163018913,12409070,PG-13,Action,3138,136,2005
330,6/30/00,The Perfect Storm,/movie/Perfect-Storm-The#tab=summary,120000000,182618434,328711434,41325042,PG-13,Drama,3407,129,2000
332,2/10/22,Uncharted,/movie/Uncharted-(2022)#tab=summary,120000000,148648820,401748820,44010155,PG-13,Adventure,4275,116,2022
350,6/23/10,Knight and Day,/movie/Knight-and-Day#tab=summary,117000000,76423035,258751370,20139985,PG-13,Action,3104,109,2010
351,1/25/21,Tang Ren Jie Tan An 3,/movie/Tang-Ren-Jie-Tan-An-3-(China)#tab=summary,117000000,0,699084069,NA,R,Action,NA,136,2021
352,10/2/18,Venom,/movie/Venom-(2018)#tab=summary,116000000,213511408,856081053,80255756,PG-13,Action,4250,112,2018
358,2/7/97,Dante's Peak,/movie/Dantes-Peak-(1997)#tab=summary,115000000,67163857,178200000,18479435,PG-13,Thriller,2761,109,1997
356,11/2/01,"Monsters, Inc.",/movie/Monsters-Inc#tab=summary,115000000,290149425,560483719,62577067,G,Adventure,3649,92,2001
353,5/19/99,Star Wars Ep. I: The Phantom Menace,/movie/Star-Wars-Ep-I-The-Phantom-Menace#tab=summary,115000000,474544677,1027044677,64810970,PG,Adventure,3126,133,1999
355,5/16/02,Star Wars Ep. II: Attack of the Clones,/movie/Star-Wars-Ep-II-Attack-of-the-Clones#tab=summary,115000000,310676740,656695615,80027814,PG,Adventure,3161,143,2002
354,5/19/05,Star Wars Ep. III: Revenge of the Sith,/movie/Star-Wars-Ep-III-Revenge-of-the-Sith#tab=summary,115000000,380270577,848998877,108435841,PG-13,Adventure,3663,139,2005
359,4/6/16,The Huntsman: Winter’s War,/movie/Huntsman-Winters-War-The#tab=summary,115000000,48003015,165149302,19445035,PG-13,Action,3802,113,2016
357,7/26/13,The Wolverine,/movie/Wolverine-The#tab=summary,115000000,132556852,416456852,53113752,PG-13,Action,3924,126,2013
361,3/6/19,Triple Frontier,/movie/Triple-Frontier-(2019)#tab=summary,115000000,0,0,NA,R,Action,NA,125,2019
360,6/14/02,Windtalkers,/movie/Windtalkers#tab=summary,115000000,40914068,77628265,14520412,R,Action,2898,134,2002
362,7/4/08,Astérix aux Jeux Olympiques,/movie/Asterix-aux-Jeux-Olympiques#tab=summary,113500000,999811,132999811,NA,Unrated,Adventure,NA,NA,2008
363,12/24/10,Gulliver's Travels,/movie/Gullivers-Travels-(2010)#tab=summary,112000000,42779261,232017848,6307691,PG,Adventure,3089,87,2010
364,12/8/17,Ferdinand,/movie/Ferdinand#tab=summary,111000000,84410380,288510892,13401586,PG,Adventure,3630,107,2017
377,3/7/14,300: Rise of an Empire,/movie/300-Rise-of-an-Empire#tab=summary,110000000,106580051,330780051,45038460,R,Action,3490,102,2014
393,6/16/04,Around the World in 80 Days,/movie/Around-the-World-in-80-Days-(2004)#tab=summary,110000000,24004159,72004159,7576132,PG,Adventure,2801,120,2004
365,5/11/18,Deadpool 2,/movie/Deadpool-2#tab=summary,110000000,324591735,786362370,125507153,R,Action,4349,119,2018
388,10/25/13,Ender's Game,/movie/Enders-Game#tab=summary,110000000,61737191,127983283,27017351,PG-13,Adventure,3407,114,2013
392,3/23/17,Ghost in the Shell,/movie/Ghost-in-the-Shell#tab=summary,110000000,40563557,167910690,18676033,PG-13,Action,3440,100,2017
366,10/3/13,Gravity,/movie/Gravity#tab=summary,110000000,274092705,688214291,55785112,PG-13,Suspense,3820,91,2013
389,4/2/04,Home on the Range,/movie/Home-on-the-Range#tab=summary,110000000,50026353,76482461,13880771,PG,Adventure,3058,76,2004
391,5/6/05,Kingdom of Heaven,/movie/Kingdom-of-Heaven#tab=summary,110000000,47398413,218674938,19635996,R,Action,3219,148,2005
372,6/27/07,Live Free or Die Hard,/movie/Live-Free-or-Die-Hard#tab=summary,110000000,134529403,382288147,33369559,PG-13,Action,3411,129,2007
383,6/12/19,Men in Black: International,/movie/Men-in-Black-International-(2019)#tab=summary,110000000,80001807,253020464,30035838,PG-13,Adventure,4224,118,2019
381,9/21/16,Miss Peregrine's Home for Peculiar Children,/movie/Miss-Peregrines-Home-for-Peculiar-Children#tab=summary,110000000,87242834,295986876,28871140,PG-13,Adventure,3835,126,2016
369,6/10/05,Mr. and Mrs. Smith,/movie/Mr-and-Mrs-Smith#tab=summary,110000000,186336279,486124090,50342878,PG-13,Action,3451,120,2005
367,12/22/06,Night at the Museum,/movie/Night-at-the-Museum#tab=summary,110000000,250863268,579446407,30433781,PG,Adventure,3768,108,2006
374,12/10/04,Ocean's Twelve,/movie/Oceans-Twelve#tab=summary,110000000,125531634,362989076,39153380,PG-13,Adventure,3290,125,2004
379,12/21/16,Passengers,/movie/Passengers-(2015)#tab=summary,110000000,100014699,302239672,14869736,PG-13,Suspense,3478,116,2016
382,10/7/11,Real Steel,/movie/Real-Steel#tab=summary,110000000,85463309,263880341,27319677,PG-13,Action,3440,126,2011
370,5/27/15,San Andreas,/movie/San-Andreas#tab=summary,110000000,155190832,456258539,54588173,PG-13,Adventure,3812,114,2015
390,6/13/97,Speed 2: Cruise Control,/movie/Speed-2-Cruise-Control#tab=summary,110000000,48097081,150468000,16158942,PG-13,Action,2625,125,1997
384,6/11/10,The A-Team,/movie/A-Team-The#tab=summary,110000000,77222099,177241171,25669455,PG-13,Action,3544,118,2010
378,12/17/04,The Aviator,/movie/Aviator-The-(2004)#tab=summary,110000000,102608827,208370892,858021,PG-13,Drama,2530,170,2004
386,3/9/16,The Divergent Series: Allegiant,/movie/Divergent-Series-Allegiant-The#tab=summary,110000000,66184051,172022517,29027348,PG-13,Action,3740,120,2016
373,3/18/15,The Divergent Series: Insurgent,/movie/Divergent-Series-Insurgent-The#tab=summary,110000000,130179072,295075882,52263680,PG-13,Action,3875,118,2015
380,1/14/11,The Green Hornet,/movie/Green-Hornet-The#tab=summary,110000000,98780042,229155503,33526876,PG-13,Action,3584,118,2011
376,6/28/00,The Patriot,/movie/Patriot-The-(2000)#tab=summary,110000000,113330342,215300000,22413710,R,Drama,3061,164,2000
371,7/29/11,The Smurfs,/movie/Smurfs-The#tab=summary,110000000,142614158,563749323,35611637,PG,Adventure,3427,103,2011
385,7/31/13,The Smurfs 2,/movie/Smurfs-2-The#tab=summary,110000000,71017784,348547523,17548389,PG,Adventure,3867,104,2013
387,6/12/09,The Taking of Pelham One Two Three,/movie/Taking-of-Pelham-123-The#tab=summary,110000000,65452312,152364370,23373102,R,Action,3077,106,2009
375,12/19/97,Tomorrow Never Dies,/movie/Tomorrow-Never-Dies#tab=summary,110000000,125304276,339504276,25143007,PG-13,Action,2807,119,1997
368,9/30/21,Venom: Let There be Carnage,/movie/Venom-Let-There-be-Carnage#tab=summary,110000000,213550366,501600379,90033210,PG-13,Action,4225,97,2021
395,12/25/01,Ali,/movie/Ali-(2001)#tab=summary,109000000,58183966,87683966,14710892,R,Drama,2521,158,2001
394,11/21/03,Dr. Seuss’ The Cat in the Hat,/movie/Dr-Seuss-The-Cat-in-the-Hat-(2003)#tab=summary,109000000,101018283,133818283,38329160,PG,Adventure,3467,82,2003
396,9/30/15,The Martian,/movie/Martian-The#tab=summary,108000000,228433663,653609107,54308575,PG-13,Suspense,3854,130,2015
397,11/20/16,Allied,/movie/Allied#tab=summary,106000000,40098064,119266661,12701743,R,Drama,3160,124,2016
401,3/7/08,"10,000 B.C.",/movie/10-000-B-C#tab=summary,105000000,94784201,269065678,35867488,PG-13,Adventure,3454,109,2008
398,7/16/04,"I, Robot",/movie/I-Robot#tab=summary,105000000,144801023,348629585,52179887,PG-13,Action,3494,115,2004
402,7/1/16,Ice Age: Collision Course,/movie/Ice-Age-Collision-Course#tab=summary,105000000,64063008,402156682,21373064,PG,Adventure,3997,100,2016
403,11/7/97,Starship Troopers,/movie/Starship-Troopers#tab=summary,105000000,54768952,121100000,22058773,R,Action,2971,129,1997
399,12/17/99,Stuart Little,/movie/Stuart-Little#tab=summary,105000000,140015224,298815224,15018223,PG,Adventure,3151,92,1999
400,11/25/09,The Princess and the Frog,/movie/Princess-and-the-Frog-The#tab=summary,105000000,104400899,270997378,786190,G,Adventure,3475,97,2009
404,4/27/01,Town & Country,/movie/Town-and-Country#tab=summary,105000000,6712451,10364769,3029858,R,Romantic Comedy,2222,NA,2001
405,9/19/17,Kingsman: The Golden Circle,/movie/Kingsman-The-Golden-Circle#tab=summary,104000000,100234838,408803696,39023010,R,Action,4038,141,2017
406,6/9/00,Gone in 60 Seconds,/movie/Gone-in-60-Seconds#tab=summary,103300000,101643008,232643008,25336048,PG-13,Action,3089,117,2000
409,3/9/18,A Wrinkle in Time,/movie/Wrinkle-in-Time-A-(2018)#tab=summary,103000000,100478608,133214549,33123609,PG,Adventure,3980,120,2018
407,5/4/00,Gladiator,/movie/Gladiator-(2000)#tab=summary,103000000,187683805,456435588,34819017,R,Action,3188,154,2000
408,5/23/13,The Hangover 3,/movie/Hangover-3-The#tab=summary,103000000,112200072,362000072,41671198,R,Comedy,3565,100,2013
410,7/1/09,Public Enemies,/movie/Public-Enemies-(2009)#tab=summary,102500000,97104620,212282709,25271675,R,Drama,3336,140,2009
413,12/13/18,Bumblebee,/movie/Bumblebee#tab=summary,102000000,127195589,465195589,21654047,PG-13,Adventure,3597,114,2018
411,11/17/06,Casino Royale,/movie/Casino-Royale-(2006)#tab=summary,102000000,167365000,594420283,40833156,PG-13,Action,3443,144,2006
414,10/26/12,Cloud Atlas,/movie/Cloud-Atlas#tab=summary,102000000,27108272,130673154,9612247,R,Drama,2023,172,2012
412,6/21/02,Minority Report,/movie/Minority-Report#tab=summary,102000000,132024714,358824714,35677125,PG-13,Action,3001,144,2002
421,12/25/19,1917,/movie/1917-(2019)#tab=summary,100000000,159227644,370603379,576216,R,Suspense,3987,119,2019
424,11/2/07,American Gangster,/movie/American-Gangster-(2007)#tab=summary,100000000,130164645,267985456,43565135,R,Drama,3111,157,2007
466,6/12/20,Artemis Fowl,/movie/Artemis-Fowl-(2020)#tab=summary,100000000,0,0,NA,PG,Adventure,NA,115,2020
417,6/16/95,Batman Forever,/movie/Batman-Forever-(1995)#tab=summary,100000000,184031112,336529144,52784433,PG-13,Action,2893,122,1995
442,12/8/06,Blood Diamond,/movie/Blood-Diamond#tab=summary,100000000,57377916,171377916,8648324,R,Action,1920,143,2006
456,12/17/19,Cats,/movie/Cats-(2019)#tab=summary,100000000,27166770,75558925,6619870,PG,Musical,3380,110,2019
448,7/23/04,Catwoman,/movie/Catwoman#tab=summary,100000000,40202379,82078046,16728411,PG-13,Action,3117,101,2004
461,2/3/21,Chaos Walking,/movie/Chaos-Walking#tab=summary,100000000,13287908,27075660,3775350,PG-13,Action,2132,108,2021
425,9/18/09,Cloudy with a Chance of Meatballs,/movie/Cloudy-with-a-Chance-of-Meatballs#tab=summary,100000000,124870275,236827677,30304648,PG,Adventure,3119,90,2009
420,12/25/12,Django Unchained,/movie/Django-Unchained#tab=summary,100000000,162805434,449841566,30122888,R,Western,3012,165,2012
438,11/24/99,End of Days,/movie/End-of-Days#tab=summary,100000000,66889043,212026975,20523595,R,Action,2665,120,1999
429,5/24/13,Epic,/movie/Epic#tab=summary,100000000,107518682,262794441,33531068,PG,Adventure,3894,103,2013
435,12/15/06,Eragon,/movie/Eragon#tab=summary,100000000,75030163,249488115,23239907,PG,Adventure,3030,104,2006
430,6/21/96,Eraser,/movie/Eraser#tab=summary,100000000,101295562,234400000,24566446,R,Action,2556,114,1996
454,10/13/17,Geostorm,/movie/Geostorm#tab=summary,100000000,33700160,220796009,13707376,PG-13,Thriller,3246,109,2017
453,3/12/10,Green Zone,/movie/Green-Zone#tab=summary,100000000,35497337,97523020,14309295,R,Drama,3004,114,2010
415,11/15/02,Harry Potter and the Chamber of Secrets,/movie/Harry-Potter-and-the-Chamber-of-Secrets#tab=summary,100000000,262233381,875262553,88357488,PG,Adventure,3682,161,2002
436,7/23/14,Hercules,/movie/Hercules-(2014)#tab=summary,100000000,72688614,243388614,29800263,PG-13,Adventure,3595,97,2014
457,11/26/15,In the Heart of the Sea,/movie/In-the-Heart-of-the-Sea#tab=summary,100000000,25020758,89693309,11053366,PG-13,Adventure,3103,121,2015
464,1/20/12,Jin líng shí san chai,/movie/Jin-ling-shi-san-chai#tab=summary,100000000,311434,98227017,48558,R,Drama,30,141,2012
445,6/5/09,Land of the Lost,/movie/Land-of-the-Lost#tab=summary,100000000,49438370,69548641,18837350,PG-13,Comedy,3534,102,2009
444,9/24/10,Legend of the Guardians: The Owls of Ga'Hoole,/movie/Legend-of-the-Guardians-The-Owls-of-GaHoole#tab=summary,100000000,55675313,139716717,16112211,PG,Adventure,3575,90,2010
427,12/17/04,Lemony Snicket's A Series of Unfortunate Events,/movie/Lemony-Snickets-A-Series-of-Unfortunate-Events#tab=summary,100000000,118627117,212956024,30061756,PG,Adventure,3623,107,2004
422,12/22/10,Little Fockers,/movie/Little-Fockers#tab=summary,100000000,148438600,310650574,30833665,PG-13,Comedy,3675,98,2010
443,11/7/19,Midway,/movie/Midway-(2019)#tab=summary,100000000,56846802,126829063,17897419,PG-13,Action,3242,138,2019
460,12/5/18,Mortal Engines,/movie/Mortal-Engines-(2018)#tab=summary,100000000,15951040,85480271,7559850,PG-13,Action,3103,128,2018
419,11/19/04,National Treasure,/movie/National-Treasure#tab=summary,100000000,173005002,331323410,35142554,PG,Adventure,3243,130,2004
446,12/18/03,Peter Pan,/movie/Peter-Pan-(2003)#tab=summary,100000000,48417850,95255485,11139495,PG,Adventure,2813,113,2003
418,7/27/01,Planet of the Apes (reboot),/movie/Planet-of-the-Apes-(2001)#tab=summary,100000000,180011740,362211740,68532960,PG-13,Adventure,3530,120,2001
455,12/2/15,Point Break,/movie/Point-Break-(Remake)#tab=summary,100000000,28782481,126704591,9800252,PG-13,Action,2910,113,2015
459,2/18/05,Son of the Mask,/movie/Son-of-the-Mask#tab=summary,100000000,17018422,59918422,7511675,PG,Adventure,2966,94,2005
439,12/25/19,Spies in Disguise,/movie/Spies-in-Disguise-(2019)#tab=summary,100000000,66757013,165138481,13354798,PG,Adventure,3502,104,2019
441,6/8/07,Surf’s Up,/movie/Surfs-Up-(2007)#tab=summary,100000000,58867694,145395745,17640249,PG,Adventure,3531,85,2007
416,7/2/91,Terminator 2: Judgment Day,/movie/Terminator-2-Judgment-Day#tab=summary,100000000,203464105,515376182,31765506,R,Action,2495,136,1991
463,8/16/02,The Adventures of Pluto Nash,/movie/Adventures-of-Pluto-Nash-The#tab=summary,100000000,4411102,7094995,2182900,PG-13,Comedy,2320,NA,2002
432,12/15/00,The Emperor's New Groove,/movie/Emperors-New-Groove-The#tab=summary,100000000,89630573,169630573,9812302,G,Adventure,2887,78,2000
433,8/15/12,The Expendables 2,/movie/Expendables-2-The#tab=summary,100000000,85028192,311979256,28591370,R,Action,3355,103,2012
449,8/14/14,The Expendables 3,/movie/Expendables-3-The#tab=summary,100000000,39322544,209461378,15879645,PG-13,Action,3221,103,2014
431,6/21/96,The Hunchback of Notre Dame,/movie/Hunchback-of-Notre-Dame-The#tab=summary,100000000,100138851,325500000,21037414,G,Adventure,2835,91,1996
452,12/22/21,The King’s Man,/movie/Kings-Man-The-(2020)#tab=summary,100000000,37176373,121125300,5915542,R,Action,3180,131,2021
462,10/13/21,The Last Duel,/movie/Last-Duel-The#tab=summary,100000000,10853945,30055233,4759151,R,Drama,3065,153,2021
465,12/9/20,The Midnight Sky,/movie/Midnight-Sky-The-(2020)#tab=summary,100000000,0,75615,NA,PG-13,Adventure,NA,118,2020
426,8/6/10,The Other Guys,/movie/Other-Guys-The-(2010)#tab=summary,100000000,119219978,170936470,35543162,PG-13,Comedy,3651,97,2010
440,6/11/04,The Stepford Wives,/movie/Stepford-Wives-The-(2004)#tab=summary,100000000,59475623,96150482,21406781,PG-13,Black Comedy,3057,93,2004
437,12/10/10,The Tourist,/movie/Tourist-The#tab=summary,100000000,67631157,278731369,16472458,PG-13,Thriller,2756,102,2010
428,12/25/13,The Wolf of Wall Street,/movie/Wolf-of-Wall-Street-The#tab=summary,100000000,116949183,389918903,18410067,R,Black Comedy,2557,165,2013
458,4/18/14,Transcendence,/movie/Transcendence#tab=summary,100000000,23022309,103039258,10886386,PG-13,Thriller,3455,119,2014
451,11/27/02,Treasure Planet,/movie/Treasure-Planet#tab=summary,100000000,38120554,91800000,12083248,PG,Adventure,3227,95,2002
423,7/15/94,True Lies,/movie/True-Lies#tab=summary,100000000,146282411,365300000,25869770,R,Action,2561,141,1994
450,12/8/21,West Side Story,/movie/West-Side-Story-(2020)#tab=summary,100000000,38530322,75011257,10574618,PG-13,Musical,2820,156,2021
434,10/16/09,Where the Wild Things Are,/movie/Where-the-Wild-Things-Are#tab=summary,100000000,77233467,99123656,32695407,PG,Adventure,3735,100,2009
447,3/15/19,Wonder Park,/movie/Wonder-Park-(2019)#tab=summary,100000000,45216793,115112118,15853646,PG,Adventure,3838,93,2019
469,11/21/18,Robin Hood,/movie/Robin-Hood-(2018)#tab=summary,99000000,30824628,85210012,36063385,PG-13,Action,3505,139,2018
468,2/6/19,The LEGO Movie 2: The Second Part,/movie/Lego-Movie-2-The-Second-Part-The-(2019)#tab=summary,99000000,105806508,190131036,34115335,PG,Adventure,4303,107,2019
467,11/5/15,The Peanuts Movie,/movie/Peanuts-Movie-The#tab=summary,99000000,130178411,250091610,44213073,G,Adventure,3902,89,2015
470,5/4/01,The Mummy Returns,/movie/Mummy-Returns-The#tab=summary,98000000,202007640,435040395,68139035,PG-13,Adventure,3553,129,2001
471,11/14/19,Ford v. Ferrari,/movie/Ford-v-Ferrari-(2019)#tab=summary,97600000,117624357,224418748,31474958,PG-13,Drama,3746,152,2019
473,5/4/17,Alien: Covenant,/movie/Alien-Covenant#tab=summary,97000000,74262031,238521247,36160621,R,Horror,3772,123,2017
472,12/20/02,Gangs of New York,/movie/Gangs-of-New-York#tab=summary,97000000,77730500,183124621,9496870,R,Drama,2340,155,2002
484,6/30/16,Ben-Hur,/movie/Ben-Hur-(2016)#tab=summary,95000000,26410477,91669648,11203815,PG-13,Adventure,3084,123,2016
476,12/28/01,Black Hawk Down,/movie/Black-Hawk-Down#tab=summary,95000000,108638745,159691085,179823,R,Action,3143,144,2001
474,3/6/15,Cinderella,/movie/Cinderella-(2015)#tab=summary,95000000,201151353,542351353,67877361,PG,Drama,3848,105,2015
475,6/27/12,Ice Age: Continental Drift,/movie/Ice-Age-Continental-Drift#tab=summary,95000000,161321843,879765137,46629259,PG,Adventure,3886,87,2012
478,2/12/10,Percy Jackson & the Olympians: The Lightning Thief,/movie/Percy-Jackson-and-the-Lightning-Thief#tab=summary,95000000,88768303,223050874,31236067,PG,Adventure,3396,119,2010
485,12/19/14,Seventh Son,/movie/Seventh-Son#tab=summary,95000000,17725785,108874967,7217640,PG-13,Adventure,2875,102,2014
477,5/27/10,Sex and the City 2,/movie/Sex-and-the-City-2#tab=summary,95000000,95347692,294680778,31001870,R,Comedy,3445,146,2010
479,8/10/12,The Campaign,/movie/Campaign-The#tab=summary,95000000,86907746,104907746,26588460,R,Comedy,3302,85,2012
481,5/9/97,The Fifth Element,/movie/Fifth-Element-The#tab=summary,95000000,63570862,263893838,17031345,PG-13,Action,2500,126,1997
483,12/11/09,The Lovely Bones,/movie/Lovely-Bones-The#tab=summary,95000000,44114232,94894448,116616,PG-13,Drama,2638,135,2009
482,3/31/00,The Road to El Dorado,/movie/Road-to-El-Dorado-The#tab=summary,95000000,50802661,65700000,12846652,PG,Adventure,3223,89,2000
480,11/12/10,Unstoppable,/movie/Unstoppable#tab=summary,95000000,81562942,165720921,22688457,PG-13,Action,3261,98,2010
486,5/30/03,Finding Nemo,/movie/Finding-Nemo#tab=summary,94000000,380529370,936094852,70251710,G,Adventure,3425,100,2003
490,1/29/15,Kingsman: The Secret Service,/movie/Kingsman-The-Secret-Service#tab=summary,94000000,128261724,404561724,36206331,R,Action,3282,129,2015
489,6/15/01,Lara Croft: Tomb Raider,/movie/Lara-Croft-Tomb-Raider#tab=summary,94000000,131144183,273330185,47735743,PG-13,Adventure,3349,100,2001
487,12/17/03,The Lord of the Rings: The Return of the King,/movie/Lord-of-the-Rings-The-Return-of-the-King-The#tab=summary,94000000,377845905,1120214046,72629713,PG-13,Adventure,3703,201,2003
488,12/18/02,The Lord of the Rings: The Two Towers,/movie/Lord-of-the-Rings-The-Two-Towers-The#tab=summary,94000000,342548984,919148764,62007528,PG-13,Adventure,3622,179,2002
492,7/18/01,Jurassic Park III,/movie/Jurassic-Park-3#tab=summary,93000000,181166115,365900000,50771645,PG-13,Action,3470,93,2001
493,8/5/11,Rise of the Planet of the Apes,/movie/Rise-of-the-Planet-of-the-Apes#tab=summary,93000000,176760185,470986200,54806191,PG-13,Adventure,3691,120,2011
491,12/19/01,The Lord of the Rings: The Fellowship of the Ring,/movie/Lord-of-the-Rings-The-Fellowship-of-the-Ring-The#tab=summary,93000000,315544750,891216824,47211490,PG-13,Adventure,3381,179,2001
494,2/14/08,The Spiderwick Chronicles,/movie/Spiderwick-Chronicles-The#tab=summary,92500000,71195053,162839667,19004058,PG,Adventure,3847,96,2008
496,2/6/13,A Good Day to Die Hard,/movie/Die-Hard-5#tab=summary,92000000,67349198,304249198,24834845,R,Action,3555,98,2013
498,12/22/95,Cutthroat Island,/movie/Cutthroat-Island#tab=summary,92000000,10017322,18517322,2371415,PG-13,Adventure,1619,NA,1995
497,4/9/04,The Alamo,/movie/Alamo-The-(2004)#tab=summary,92000000,22406362,23911362,9124701,PG-13,Western,2609,137,2004
495,10/22/04,The Incredibles,/movie/Incredibles-The#tab=summary,92000000,261441092,631441092,70467623,PG,Adventure,3933,115,2004
500,3/9/23,65,/movie/65-(2022)#tab=summary,91000000,0,0,NA,NA,Thriller,NA,NA,2023
499,12/19/13,The Secret Life of Walter Mitty,/movie/Secret-Life-of-Walter-Mitty-The-(2012)#tab=summary,91000000,58236838,187861183,12765508,PG,Adventure,2922,114,2013